{"positionDefinitions":[{"name":"4337e9a3","positions":[],"positionsFlipped":[{"x":0.0,"y":0.0,"z":0.0}]},{"name":"603b13e7","positions":[],"positionsFlipped":[{"x":0.0,"y":0.0,"z":0.0}]},{"name":"570af4b","positions":[],"positionsFlipped":[{"x":0.0,"y":0.0,"z":0.0}]},{"name":"8dd15323","positions":[{"x":0.0,"y":1.3,"z":-319.0}],"positionsFlipped":[]},{"name":"e095a2b","positions":[],"positionsFlipped":[{"x":0.0,"y":0.0,"z":0.0}]},{"name":"c7843282","positions":[],"positionsFlipped":[{"x":0.0,"y":0.0,"z":0.0}]},{"name":"8b4f3e8f","positions":[],"positionsFlipped":[{"x":0.0,"y":0.0,"z":0.0}]},{"name":"9931cc72","positions":[],"positionsFlipped":[{"x":0.0,"y":0.0,"z":0.0}]},{"name":"711584d8","positions":[{"x":0.0,"y":0.0,"z":1.0}],"positionsFlipped":[]},{"name":"33f99361","positions":[{"x":0.0,"y":0.0,"z":1.0}],"positionsFlipped":[]},{"name":"a265b3b1","positions":[{"x":0.0,"y":0.0,"z":1.0}],"positionsFlipped":[]},{"name":"f4a04975","positions":[{"x":0.0,"y":0.0,"z":1.0}],"positionsFlipped":[]},{"name":"1d486b54","positions":[{"x":0.0,"y":0.0,"z":-72.0}],"positionsFlipped":[]},{"name":"50b82ad5","positions":[{"x":0.0,"y":0.0,"z":-72.0}],"positionsFlipped":[]},{"name":"30d2af6","positions":[{"x":0.0,"y":0.0,"z":-72.0}],"positionsFlipped":[]},{"name":"b4653ab9","positions":[{"x":0.0,"y":0.0,"z":-72.0}],"positionsFlipped":[]},{"name":"bb8a8fff","positions":[{"x":0.0,"y":0.0,"z":-145.0}],"positionsFlipped":[]},{"name":"cee2c286","positions":[{"x":0.0,"y":0.0,"z":-145.0}],"positionsFlipped":[]},{"name":"965b6ec","positions":[{"x":0.0,"y":0.0,"z":-145.0}],"positionsFlipped":[]},{"name":"3e7fa7c1","positions":[{"x":0.0,"y":0.0,"z":-145.0}],"positionsFlipped":[]},{"name":"4a74eb3","positions":[{"x":0.0,"y":0.0,"z":-218.0}],"positionsFlipped":[]},{"name":"939dcee6","positions":[{"x":0.0,"y":0.0,"z":-218.0}],"positionsFlipped":[]},{"name":"9a04b9c6","positions":[{"x":0.0,"y":0.0,"z":-218.0}],"positionsFlipped":[]},{"name":"262cba6c","positions":[{"x":0.0,"y":0.0,"z":-218.0}],"positionsFlipped":[]},{"name":"114a06","positions":[],"positionsFlipped":[{"x":0.0,"y":0.0,"z":0.0}]},{"name":"a404188","positions":[],"positionsFlipped":[{"x":0.0,"y":0.0,"z":0.0}]},{"name":"e400d09b","positions":[],"positionsFlipped":[{"x":0.0,"y":0.0,"z":0.0}]},{"name":"fbe0fc56","positions":[],"positionsFlipped":[{"x":0.0,"y":0.0,"z":0.0}]},{"name":"e2811c48","positions":[],"positionsFlipped":[{"x":0.0,"y":0.0,"z":73.0}]},{"name":"e5033618","positions":[],"positionsFlipped":[{"x":0.0,"y":0.0,"z":73.0}]},{"name":"8cc70f12","positions":[],"positionsFlipped":[{"x":0.0,"y":0.0,"z":73.0}]},{"name":"5f2beb7e","positions":[],"positionsFlipped":[{"x":0.0,"y":0.0,"z":73.0}]},{"name":"27552f88","positions":[],"positionsFlipped":[{"x":0.0,"y":0.0,"z":146.0}]},{"name":"52161772","positions":[],"positionsFlipped":[{"x":0.0,"y":0.0,"z":146.0}]},{"name":"258513ae","positions":[],"positionsFlipped":[{"x":0.0,"y":0.0,"z":146.0}]},{"name":"ee489694","positions":[],"positionsFlipped":[{"x":0.0,"y":0.0,"z":146.0}]},{"name":"7147f0e3","positions":[],"positionsFlipped":[{"x":0.0,"y":0.0,"z":219.0}]},{"name":"5ad49280","positions":[],"positionsFlipped":[{"x":0.0,"y":0.0,"z":219.0}]},{"name":"9e57f0e0","positions":[],"positionsFlipped":[{"x":0.0,"y":0.0,"z":219.0}]},{"name":"7054614f","positions":[],"positionsFlipped":[{"x":0.0,"y":0.0,"z":219.0}]},{"name":"1849ca3","positions":[{"x":-10.0,"y":0.0,"z":-319.0}],"positionsFlipped":[]},{"name":"f216fbb6","positions":[{"x":-10.0,"y":2.0,"z":-319.0}],"positionsFlipped":[]}]}