{"positionDefinitions":[{"name":"aeac10af","positions":[{"x":0.0,"y":0.0,"z":0.0}],"positionsFlipped":[]},{"name":"ec45299f","positions":[{"x":0.0,"y":0.0,"z":0.0}],"positionsFlipped":[]},{"name":"21c1dc65","positions":[{"x":0.0,"y":0.0,"z":0.0}],"positionsFlipped":[]},{"name":"97a70f29","positions":[{"x":0.0,"y":0.0,"z":0.0}],"positionsFlipped":[]},{"name":"7065d1b2","positions":[{"x":0.0,"y":0.0,"z":0.0}],"positionsFlipped":[]},{"name":"d2c90bd4","positions":[{"x":0.0,"y":0.0,"z":0.0}],"positionsFlipped":[]},{"name":"571e62e4","positions":[{"x":0.0,"y":0.0,"z":0.0}],"positionsFlipped":[]},{"name":"ca43e0ba","positions":[{"x":0.0,"y":0.0,"z":0.0}],"positionsFlipped":[]},{"name":"4593b181","positions":[{"x":0.0,"y":0.0,"z":0.0}],"positionsFlipped":[]},{"name":"5111569c","positions":[{"x":0.0,"y":0.0,"z":0.0}],"positionsFlipped":[]},{"name":"a474c483","positions":[{"x":0.0,"y":0.0,"z":-73.0}],"positionsFlipped":[]},{"name":"b48b2855","positions":[{"x":0.0,"y":0.0,"z":-73.0}],"positionsFlipped":[]},{"name":"a6c8d500","positions":[{"x":0.0,"y":0.0,"z":-73.0}],"positionsFlipped":[]},{"name":"28effc6e","positions":[{"x":0.0,"y":0.0,"z":-73.0}],"positionsFlipped":[]},{"name":"8036c550","positions":[{"x":0.0,"y":0.0,"z":-146.0}],"positionsFlipped":[]},{"name":"2c2b44e8","positions":[{"x":0.0,"y":0.0,"z":-146.0}],"positionsFlipped":[]},{"name":"4107c2c7","positions":[{"x":0.0,"y":0.0,"z":-146.0}],"positionsFlipped":[]},{"name":"71db9f21","positions":[{"x":0.0,"y":0.0,"z":-146.0}],"positionsFlipped":[]},{"name":"f2b9dd45","positions":[{"x":0.0,"y":0.0,"z":-219.0}],"positionsFlipped":[]},{"name":"335db383","positions":[{"x":0.0,"y":0.0,"z":-219.0}],"positionsFlipped":[]},{"name":"e3da6e4d","positions":[{"x":0.0,"y":0.0,"z":-219.0}],"positionsFlipped":[]},{"name":"e42d4e0a","positions":[{"x":0.0,"y":0.0,"z":-219.0}],"positionsFlipped":[]},{"name":"278d5b81","positions":[],"positionsFlipped":[{"x":0.0,"y":0.0,"z":-1.0}]},{"name":"6b35b29","positions":[],"positionsFlipped":[{"x":0.0,"y":0.0,"z":-1.0}]},{"name":"dde88d0d","positions":[],"positionsFlipped":[{"x":0.0,"y":0.0,"z":-1.0}]},{"name":"fea5b09e","positions":[],"positionsFlipped":[{"x":0.0,"y":0.0,"z":-1.0}]},{"name":"b5666928","positions":[],"positionsFlipped":[{"x":0.0,"y":0.0,"z":72.0}]},{"name":"b26252b7","positions":[],"positionsFlipped":[{"x":0.0,"y":0.0,"z":72.0}]},{"name":"a0b3107d","positions":[],"positionsFlipped":[{"x":0.0,"y":0.0,"z":72.0}]},{"name":"6961671d","positions":[],"positionsFlipped":[{"x":0.0,"y":0.0,"z":72.0}]},{"name":"dfd7ac24","positions":[],"positionsFlipped":[{"x":0.0,"y":0.0,"z":145.0}]},{"name":"b55b4b9d","positions":[],"positionsFlipped":[{"x":0.0,"y":0.0,"z":145.0}]},{"name":"7a488a84","positions":[],"positionsFlipped":[{"x":0.0,"y":0.0,"z":145.0}]},{"name":"a6b3bbe7","positions":[],"positionsFlipped":[{"x":0.0,"y":0.0,"z":145.0}]},{"name":"74450deb","positions":[],"positionsFlipped":[{"x":0.0,"y":0.0,"z":218.0}]},{"name":"92ac6c6c","positions":[],"positionsFlipped":[{"x":0.0,"y":0.0,"z":218.0}]},{"name":"3971c3f2","positions":[],"positionsFlipped":[{"x":0.0,"y":0.0,"z":218.0}]},{"name":"824b1568","positions":[],"positionsFlipped":[{"x":0.0,"y":0.0,"z":216.0}]}]}