{"positionDefinitions":[{"name":"ad4d0033","positions":[{"x":0.0,"y":0.0,"z":0.0}],"positionsFlipped":[]},{"name":"3469fd2c","positions":[{"x":0.0,"y":0.0,"z":0.0}],"positionsFlipped":[]},{"name":"f060d301","positions":[{"x":0.0,"y":0.0,"z":0.0}],"positionsFlipped":[]},{"name":"51b1ccde","positions":[],"positionsFlipped":[{"x":0.0,"y":1.5,"z":319.0}]},{"name":"3a047f04","positions":[{"x":0.0,"y":0.0,"z":0.0}],"positionsFlipped":[]},{"name":"3076c8eb","positions":[{"x":0.0,"y":0.0,"z":0.0}],"positionsFlipped":[]},{"name":"51baa9e6","positions":[{"x":0.0,"y":0.0,"z":0.0}],"positionsFlipped":[]},{"name":"afbf69a6","positions":[{"x":0.0,"y":0.0,"z":0.0}],"positionsFlipped":[]},{"name":"c7782c8e","positions":[{"x":0.0,"y":0.0,"z":0.0}],"positionsFlipped":[]},{"name":"f882397f","positions":[{"x":0.0,"y":0.0,"z":0.0}],"positionsFlipped":[]},{"name":"2d8971fc","positions":[{"x":0.0,"y":0.0,"z":0.0}],"positionsFlipped":[]},{"name":"20eee3f7","positions":[{"x":0.0,"y":0.0,"z":0.0}],"positionsFlipped":[]},{"name":"77c2fbb6","positions":[{"x":0.0,"y":0.0,"z":-73.0}],"positionsFlipped":[]},{"name":"4db57b1d","positions":[{"x":0.0,"y":0.0,"z":-73.0}],"positionsFlipped":[]},{"name":"e22ac2bb","positions":[{"x":0.0,"y":0.0,"z":-73.0}],"positionsFlipped":[]},{"name":"ef84fc26","positions":[{"x":0.0,"y":0.0,"z":-73.0}],"positionsFlipped":[]},{"name":"ecb74026","positions":[{"x":0.0,"y":0.0,"z":-146.0}],"positionsFlipped":[]},{"name":"e6bac19f","positions":[{"x":0.0,"y":0.0,"z":-146.0}],"positionsFlipped":[]},{"name":"f3f00a47","positions":[{"x":0.0,"y":0.0,"z":-146.0}],"positionsFlipped":[]},{"name":"93c1b9","positions":[{"x":0.0,"y":0.0,"z":-146.0}],"positionsFlipped":[]},{"name":"db5e65f7","positions":[{"x":0.0,"y":0.0,"z":-219.0}],"positionsFlipped":[]},{"name":"a3fa3f11","positions":[{"x":0.0,"y":0.0,"z":-219.0}],"positionsFlipped":[]},{"name":"43b66792","positions":[{"x":0.0,"y":0.0,"z":-219.0}],"positionsFlipped":[]},{"name":"b713a2d7","positions":[{"x":0.0,"y":0.0,"z":-219.0}],"positionsFlipped":[]},{"name":"55ba8bc0","positions":[],"positionsFlipped":[{"x":0.0,"y":0.0,"z":-1.0}]},{"name":"9cc50a2","positions":[],"positionsFlipped":[{"x":0.0,"y":0.0,"z":-1.0}]},{"name":"b8d19e44","positions":[],"positionsFlipped":[{"x":0.0,"y":0.0,"z":-1.0}]},{"name":"7a531c2d","positions":[],"positionsFlipped":[{"x":0.0,"y":0.0,"z":-1.0}]},{"name":"c7424ef9","positions":[],"positionsFlipped":[{"x":0.0,"y":0.0,"z":72.0}]},{"name":"f76c626b","positions":[],"positionsFlipped":[{"x":0.0,"y":0.0,"z":72.0}]},{"name":"d9e7d168","positions":[],"positionsFlipped":[{"x":0.0,"y":0.0,"z":72.0}]},{"name":"bbafc0aa","positions":[],"positionsFlipped":[{"x":0.0,"y":0.0,"z":72.0}]},{"name":"ae424215","positions":[],"positionsFlipped":[{"x":0.0,"y":0.0,"z":145.0}]},{"name":"3fb472f1","positions":[],"positionsFlipped":[{"x":0.0,"y":0.0,"z":145.0}]},{"name":"fa320df4","positions":[],"positionsFlipped":[{"x":0.0,"y":0.0,"z":145.0}]},{"name":"98d243ec","positions":[],"positionsFlipped":[{"x":0.0,"y":0.0,"z":145.0}]},{"name":"d4cbc376","positions":[],"positionsFlipped":[{"x":0.0,"y":0.0,"z":218.0}]},{"name":"cf1497a","positions":[],"positionsFlipped":[{"x":0.0,"y":0.0,"z":218.0}]},{"name":"8d9d3af1","positions":[],"positionsFlipped":[{"x":0.0,"y":0.0,"z":218.0}]},{"name":"d82624ef","positions":[],"positionsFlipped":[{"x":0.0,"y":0.0,"z":218.0}]},{"name":"da8b096b","positions":[],"positionsFlipped":[{"x":-10.0,"y":0.5,"z":319.0}]},{"name":"12dba517","positions":[],"positionsFlipped":[{"x":-10.0,"y":2.0,"z":319.0}]}]}