{"vehicles":[{"id":"1st-generation-front","name":"1st-generation-front","color":"FF8040","transportMode":"TRAIN","length":21.0,"width":2.0,"bogie1Position":-8.5,"bogie2Position":8.5,"couplingPadding1":0.0,"couplingPadding2":0.0,"description":"This is my custom vehicle!","wikipediaArticle":"","tags":[],"models":[{"modelResource":"mtr:2222212.bbmodel","textureResource":"mtr:1st-generation_texture11.png","modelPropertiesResource":"mtr:properties_6de1faed.json","positionDefinitionsResource":"mtr:definition_86b27ebc.json","flipTextureV":true}],"bogie1Models":[{"modelResource":"mtr:2222212.bbmodel","textureResource":"mtr:1st-generation_texture11.png","modelPropertiesResource":"mtr:properties_a14a814.json","positionDefinitionsResource":"mtr:definition_77b637f4.json","flipTextureV":true}],"bogie2Models":[{"modelResource":"mtr:2222212.bbmodel","textureResource":"mtr:1st-generation_texture11.png","modelPropertiesResource":"mtr:properties_4e2b13b8.json","positionDefinitionsResource":"mtr:definition_c4fe73f1.json","flipTextureV":true}],"hasGangway1":false,"hasGangway2":false,"hasBarrier1":false,"hasBarrier2":false,"legacyRiderOffset":0.0,"bveSoundBaseResource":"a_train","legacySpeedSoundBaseResource":"","legacySpeedSoundCount":1,"legacyUseAccelerationSoundsWhenCoasting":false,"legacyConstantPlaybackSpeed":false,"legacyDoorSoundBaseResource":"","legacyDoorCloseSoundTime":0.0},{"id":"1st-generation-back","name":"1st-generation-back","color":"FF8040","transportMode":"TRAIN","length":21.0,"width":2.0,"bogie1Position":-8.5,"bogie2Position":8.5,"couplingPadding1":0.0,"couplingPadding2":0.0,"description":"This is my custom vehicle!","wikipediaArticle":"","tags":[],"models":[{"modelResource":"mtr:2222212.bbmodel","textureResource":"mtr:1st-generation_texture11.png","modelPropertiesResource":"mtr:properties_80fcaabe.json","positionDefinitionsResource":"mtr:definition_ee307409.json","flipTextureV":true}],"bogie1Models":[{"modelResource":"mtr:2222212.bbmodel","textureResource":"mtr:1st-generation_texture11.png","modelPropertiesResource":"mtr:properties_2dc8db3e.json","positionDefinitionsResource":"mtr:definition_35873d47.json","flipTextureV":true}],"bogie2Models":[{"modelResource":"mtr:2222212.bbmodel","textureResource":"mtr:1st-generation_texture11.png","modelPropertiesResource":"mtr:properties_886cb3e6.json","positionDefinitionsResource":"mtr:definition_e444ac63.json","flipTextureV":true}],"hasGangway1":false,"hasGangway2":false,"hasBarrier1":false,"hasBarrier2":false,"legacyRiderOffset":0.0,"bveSoundBaseResource":"a_train","legacySpeedSoundBaseResource":"","legacySpeedSoundCount":1,"legacyUseAccelerationSoundsWhenCoasting":false,"legacyConstantPlaybackSpeed":false,"legacyDoorSoundBaseResource":"","legacyDoorCloseSoundTime":0.0},{"id":"1st-generation-middle","name":"1st-generation-middle","color":"FF8040","transportMode":"TRAIN","length":21.0,"width":2.0,"bogie1Position":-8.5,"bogie2Position":8.5,"couplingPadding1":0.0,"couplingPadding2":0.0,"description":"This is my custom vehicle!","wikipediaArticle":"","tags":[],"models":[{"modelResource":"mtr:2222212.bbmodel","textureResource":"mtr:1st-generation_texture11.png","modelPropertiesResource":"mtr:properties_e050a6a6.json","positionDefinitionsResource":"mtr:definition_2ceb1757.json","flipTextureV":true}],"bogie1Models":[{"modelResource":"mtr:2222212.bbmodel","textureResource":"mtr:1st-generation_texture11.png","modelPropertiesResource":"mtr:properties_de906201.json","positionDefinitionsResource":"mtr:definition_989f7837.json","flipTextureV":true}],"bogie2Models":[{"modelResource":"mtr:2222212.bbmodel","textureResource":"mtr:1st-generation_texture11.png","modelPropertiesResource":"mtr:properties_dc27dbcb.json","positionDefinitionsResource":"mtr:definition_4b3edccc.json","flipTextureV":true}],"hasGangway1":false,"hasGangway2":false,"hasBarrier1":false,"hasBarrier2":false,"legacyRiderOffset":0.0,"bveSoundBaseResource":"a_train","legacySpeedSoundBaseResource":"","legacySpeedSoundCount":1,"legacyUseAccelerationSoundsWhenCoasting":false,"legacyConstantPlaybackSpeed":false,"legacyDoorSoundBaseResource":"","legacyDoorCloseSoundTime":0.0}],"signs":[],"rails":[],"objects":[],"lifts":[]}